5590,141,242,224,431
6042,130,236,86,436
6517,192,407,128,314
10675,12,246,256,415
17635,192,401,303,185
17672,263,491,159,263
28627,160,0,403,319
35316,198,0,439,255
54824,193,129,0,495
62936,190,128,415,279
64185,121,125,0,419
106916,15,272,219,432
110510,176,419,163,200
110545,168,413,223,179
148968,179,96,415,205
163167,137,243,144,403
175148,158,256,160,431
176188,200,0,405,255
180429,176,255,96,415
183143,152,200,256,415
188075,194,160,407,272
192148,177,199,192,431
192979,119,256,256,415
197158,3,237,192,415
209996,152,176,168,412
220534,186,191,404,125
237473,190,96,215,401
243408,178,240,256,415
252649,152,224,304,423
255656,160,411,359,207
262537,190,249,144,425
266297,132,4,0,411
274262,187,188,412,335
281473,160,160,415,311
308202,161,76,0,447
313133,155,103,128,415
313651,189,16,403,311
337806,3,4,160,423
341127,3,160,415,303
351841,31,251,197,418
367733,3,241,176,413
368679,221,240,407,291
369343,161,28,104,420
377224,120,255,80,435
381674,181,64,200,405
381836,191,200,403,227
385616,190,226,256,431
394167,207,219,256,415
409118,189,253,320,415
410724,3,64,403,287
411325,207,131,144,407
411654,195,160,320,445
425648,117,198,176,401
446247,208,100,272,407
471784,6,145,320,427
473744,213,252,256,439
484282,203,191,466,209
518311,168,271,191,409
519791,3,160,160,423
543947,107,210,200,415
547415,175,200,411,311
547723,159,263,72,419
550562,165,141,232,407
572751,170,104,0,411
580444,67,214,256,431
586505,127,135,336,439
586813,106,271,192,431
602079,190,5,198,432
604918,144,415,271,112
611628,140,187,0,431
625742,146,175,224,407
626783,185,145,192,439
628786,3,79,224,456
636707,204,0,426,407
637376,157,254,224,407
679083,98,222,32,407
679955,0,411,255,270
689405,3,182,144,423
694284,92,260,256,439
696212,149,4,192,405
698006,196,181,256,427
710615,147,4,256,411
716508,191,199,91,440
718824,160,411,271,175
719028,160,423,267,287
720382,103,63,256,437
721234,164,275,192,447
727296,184,257,209,464
733461,194,70,64,415
734857,157,256,0,407
739516,147,198,232,418
745787,107,288,0,415
765172,122,74,256,455
779183,149,428,173,265
779219,151,462,187,206
779255,176,538,191,207
779296,130,414,242,19
788976,194,134,256,423
861433,120,253,256,455
874146,170,208,280,404
878115,122,244,0,426
879240,157,221,256,409
885238,47,232,224,415
898515,98,105,272,431
905100,192,415,281,174
909237,103,219,256,407
911574,194,160,407,96
933429,199,4,256,415
935766,16,412,255,244
936743,128,439,202,252
937220,64,415,303,229
963132,96,231,283,404
967205,223,128,407,287
978915,255,195,6,417
979244,199,7,136,413
982837,180,227,4,420
991847,194,223,256,439
995532,122,257,192,426
995835,207,169,264,473
999888,199,0,403,239
1001138,161,160,407,311
1024331,3,267,256,451
1033509,205,156,256,405
1036119,199,232,304,415
1044125,66,209,160,415
1047801,152,256,429,331
1064636,8,247,136,427
1068040,72,240,239,428
1073473,132,237,288,403
1077045,138,0,431,303
1078588,185,181,0,415
1078896,127,164,215,401
1124096,46,240,208,415
1130136,63,264,32,427
1138121,189,268,72,423
1143639,96,415,63,200
1174384,165,0,407,299
1175152,128,415,175,263
1183472,114,199,246,408
1183509,204,284,232,468
1188730,142,8,240,474
1196444,126,218,192,403
1198698,160,415,254,259
1220072,71,86,128,447
1231927,194,256,407,283
1243134,117,112,168,419
1249321,175,288,152,420
1251826,31,252,128,407
1261966,129,267,200,438
1281457,185,95,208,447
1285886,128,415,272,155
1308494,98,196,176,409
1311857,137,248,128,447
1314990,122,208,64,420
1316343,203,138,288,442
1318661,189,207,128,407
1319668,174,420,175,96
1322392,192,407,255,261
1330399,180,256,206,418
1336690,190,240,160,415
1342337,95,185,220,408
1345888,179,127,144,432
1355923,71,272,112,480
1356670,77,230,96,443
1367124,199,211,256,423
1372830,190,205,256,439
1374352,116,0,256,407
1378341,27,196,200,440
1378651,195,151,256,419
1378854,71,18,204,468
1399286,190,128,407,275
1401937,3,170,144,431
1403480,3,219,160,415
1413599,3,223,128,413
1426166,189,244,128,415
1429424,137,258,256,415
1437974,185,166,224,407
1442111,3,183,144,439
1447837,6,240,229,435
1450781,56,180,224,403
1455733,219,66,128,413
1456502,0,427,235,285
1458027,160,402,303,291
1464779,166,204,144,431
1475296,133,179,64,415
1487800,175,177,208,407
1488150,147,93,128,419
1493605,161,257,224,449
1499560,192,411,267,0
1500957,224,403,319,207
1525176,3,172,192,427
1539604,64,182,7,408
1555246,191,184,192,415
1556914,204,64,429,319
1564889,223,242,146,460
1565364,93,268,240,401
1568297,144,3,80,423
1572894,142,269,256,406
1588536,142,4,268,408
1602944,42,194,192,528
1608294,72,220,144,416
1613643,97,239,263,420
1614475,176,265,176,422
1633468,176,192,407,331
1675467,204,240,320,407
1683119,185,240,223,429
1696062,90,271,224,431
1699403,128,229,214,420
1701531,127,256,256,411
1710145,185,272,160,407
1710871,194,68,256,443
1737119,113,96,208,407
1750188,64,421,262,152
1750224,150,412,261,178
1750260,152,447,201,294
1750297,143,484,343,207
1773659,128,228,256,407
1775075,0,47,192,439
1792369,181,256,423,319
1792573,209,239,264,415
1798195,118,247,408,1
1808147,128,279,243,429
1815568,175,244,0,423
1833594,200,256,415,239
1841668,149,20,200,419
1842666,200,272,320,431
1858664,185,288,256,423
1901626,181,274,256,411
1920050,200,192,431,214
1922157,153,266,144,431
1926649,158,202,144,443
1934802,200,110,256,441
1962221,215,568,9,192
1999210,63,215,160,431
2005512,201,111,256,423
2020798,191,32,403,255
2026295,72,224,256,407
2034426,125,183,128,431
2040780,134,4,256,407
2041590,8,226,148,452
2051438,186,241,136,427
2053524,147,269,96,415
2068120,3,172,256,455
2069704,206,3,192,403
2079259,200,256,463,189
2109151,209,160,423,247
2112199,84,168,160,407
2115039,150,265,160,415
2122648,200,0,427,335
2136679,125,98,96,407
2136736,191,232,256,407
2156416,127,235,128,439
2158648,64,407,247,287
2171800,129,160,415,307
2180560,144,153,128,443
2194340,155,128,415,191
2199481,5,258,240,481
2208846,181,144,415,229
2221602,143,63,167,416
2228562,191,243,0,423
2229980,80,413,63,276
2242546,218,192,415,287
2295340,191,256,415,198
2297866,184,245,256,415
2305620,196,144,415,229
2306097,123,191,256,407
2318667,158,264,0,445
2334016,133,16,28,403
2343320,152,207,203,416
2349360,186,0,443,243
2359835,186,256,459,293
2363751,149,192,411,310
2366131,32,141,256,415
2366867,113,240,288,407
2373911,256,415,287,280
2396519,192,160,402,383
2425674,206,256,415,271
2435773,190,272,128,415
2437148,175,231,256,415
2449589,189,208,415,207
2463035,191,0,427,303
2463155,191,262,208,413
2466893,148,192,407,315
2467411,187,192,260,440
2474915,139,240,288,423
2475287,52,160,320,479
2477499,187,251,212,411
2483899,3,288,256,407
2490671,206,152,256,419
2494724,161,178,0,431
2518315,176,216,352,411
2527409,196,32,429,415
2529537,148,41,224,403
2543589,166,208,208,415
2553478,181,16,336,407
2555962,186,241,192,423
2562149,191,160,403,287
2576890,154,169,252,428
2580923,104,165,244,401
2581211,5,248,191,416
2583527,153,202,188,404
2620192,160,263,256,405
2636608,3,229,144,408
2642208,128,233,256,415
2657390,193,192,256,407
2669999,160,128,411,295
2672964,103,223,192,431
2674339,45,233,128,411
2675739,181,218,256,407
2685042,203,157,256,447
2701008,191,247,192,411
2703230,187,176,179,433
2716593,4,240,128,411
2725645,108,196,256,419
2730137,187,258,264,439
2740529,78,167,160,403
2748409,163,238,176,423
2764511,78,4,192,421
2764590,144,415,191,281
2767387,181,136,208,407
2767423,135,271,160,405
2779592,109,96,443,351
2784670,138,4,256,429
2796400,192,167,320,407
2799051,202,48,256,423
2804234,168,282,288,423
2808391,196,288,407,277
2810771,3,224,144,435
2826936,63,175,270,433
2836807,108,223,216,401
2852011,3,192,160,427
2866585,181,86,176,403
2883231,203,192,431,255
2896425,192,128,415,287
2912444,178,208,407,255
2916832,127,249,151,401
2916868,134,163,198,432
2929581,3,256,192,423
2936584,191,160,407,299
2942728,192,263,224,431
2944857,128,0,32,418
2961104,208,256,407,279
2963881,196,48,422,223
2965215,196,192,415,299
2975815,180,237,160,415
2981792,192,198,192,415
2998312,207,255,7,412
2999395,0,431,245,282
3013489,168,151,268,452
3015731,2,245,128,431
3015782,67,224,256,423
3034916,201,132,240,439
3054178,202,246,224,403
3063146,78,244,160,421
3085524,192,411,303,189
3093740,196,254,256,447
3104215,59,64,160,415
3113267,179,243,256,461
3115479,3,152,224,438
3119887,192,0,415,287
3125195,160,343,256,411
3147113,221,256,447,213
3147295,143,207,135,402
3158356,180,237,138,467
3161321,114,252,192,431
3167528,0,176,232,407
3169071,207,606,253,96
3176784,17,187,256,423
3180252,116,283,224,419
3182464,201,89,272,499
3192123,201,256,447,264
3192331,128,411,127,223
3204416,186,6,256,415
3207548,160,403,159,252
3208568,188,210,232,411
3225926,3,268,272,423
3226632,187,5,160,423
3232735,64,47,255,434
3237352,153,207,64,403
3239481,160,239,256,403
3244935,172,96,439,239
3249783,191,243,240,418
3253543,205,7,216,418
3273076,193,256,439,143
3273176,192,212,280,415
3281370,191,222,96,415
3282390,194,159,101,425
3285260,120,266,64,415
3287535,171,249,256,415
3298377,201,252,256,443
3309250,124,208,128,407
3316609,148,128,415,315
3319284,206,216,256,411
3319969,103,98,128,415
3320759,182,178,128,409
3325440,78,249,192,410
3341562,168,5,256,431
3343190,182,266,192,423
3351782,195,248,144,407
3357821,168,96,407,231
3363402,197,247,204,424
3379086,8,45,288,406
3380210,149,199,184,414
3382318,180,231,80,419
3388672,127,256,64,407
3400548,128,192,407,287
3406986,148,226,142,411
3418067,196,40,128,411
3425238,138,45,288,407
3436109,134,144,322,407
3436460,90,127,96,431
3438086,154,177,216,407
3440194,196,240,407,295
3442870,201,160,378,427
3453031,129,188,232,464
3461206,187,216,120,427
3469568,96,247,160,415
3474792,194,232,256,407
3486564,154,263,152,401
3489738,177,242,0,410
3504585,111,249,192,407
3512906,126,232,254,422
3570678,191,64,224,407
3571279,192,108,288,446
3577195,129,213,212,470
3594071,123,249,32,439
3596564,207,232,431,333
3605021,187,160,32,435
3606125,67,136,280,403
3614947,205,128,415,335
3616323,215,160,407,215
3617635,32,207,243,449
3623529,198,192,431,187
3625427,223,167,144,407
3627706,134,192,232,407
3635106,153,192,0,415
3639033,119,129,256,427
3647104,127,143,212,409
3656762,125,228,192,415
3659121,134,116,192,411
3660727,127,175,64,431
3665574,192,218,128,423
3677471,192,256,415,317
3687696,191,204,144,418
3693966,192,135,192,403
3710131,200,192,407,255
3730794,154,234,0,407
3757083,124,109,256,439
3760258,223,235,208,431
3772637,189,230,256,415
3801144,191,180,208,423
3801996,182,208,192,415
3822554,135,138,96,419
3845329,197,176,439,203
3863147,128,80,415,303
3877970,134,178,184,432
3880496,109,213,256,407
3883524,3,204,256,415
3897199,73,160,408,337
3900081,177,200,403,315
3902858,172,128,421,255
3902957,191,110,224,459
3907010,103,192,471,271
3911209,187,160,415,271
3912460,72,160,403,311
3916596,180,192,407,255
3923201,206,192,415,246
3923551,108,192,224,407
3925826,186,168,256,415
3927055,207,160,431,219
3927301,78,123,208,411
3935474,168,173,256,423
3953961,203,201,256,411
3965922,114,223,240,419
3993968,192,160,431,174
3995243,47,112,272,415
3998438,119,213,224,431
4002366,192,224,288,423
4005143,206,160,415,265
4009217,176,50,296,403
4016471,201,180,256,443
4027782,184,191,32,407
4038968,197,182,256,407
4048753,32,190,192,403
4048957,192,229,208,401
4058992,217,171,256,423
4061769,206,192,407,283
4076533,200,64,415,239
4077908,167,192,415,255
4079304,191,217,192,407
4093838,192,229,192,427
4100652,139,113,304,403
4103575,172,128,431,191
4119154,159,128,415,295
4123061,144,192,171,402
4123579,192,128,415,143
4125690,119,205,256,415
4132672,133,195,256,447
4149151,177,243,96,415
4160964,176,192,407,329
4164034,166,158,160,415
4168025,108,208,256,432
4188478,182,222,160,407
4190417,9,189,134,444
4192378,96,223,128,439
4195469,109,168,256,415
4201949,198,128,415,307
4207738,96,195,128,403
4212983,111,144,415,299
4213083,198,194,256,423
4244288,47,215,192,408
4247232,144,199,166,464
4275845,0,113,224,403
4280169,138,192,407,223
4292003,142,176,430,255
4297123,127,147,408,339
4298771,197,169,304,405
4302744,3,232,96,415
4304685,138,199,176,443
4314238,203,128,431,293
4318333,207,160,423,203
4329938,159,141,128,415
4332359,119,224,415,279
4336078,187,193,208,418
4346198,90,224,403,311
4346715,167,143,256,431
4348342,207,167,256,407
4354214,196,160,403,287
4374605,187,128,423,311
4391042,166,160,485,217
4400115,72,254,208,413
4409084,3,112,256,407
4422321,134,207,240,488
4437774,114,209,160,411
4466219,186,80,423,239
4472049,108,173,128,411
4489532,145,160,419,255
4489631,207,197,224,415
4523073,189,192,415,287
4538380,197,122,264,426
4557914,186,240,401,255
4570103,182,190,256,431
4570308,193,243,64,419
4573065,207,192,415,127
4574440,177,64,407,343
4578764,172,210,256,439
4587629,95,193,128,448
4588000,91,183,208,411
4589689,123,189,128,415
4590164,185,209,256,431
4595912,197,160,415,181
4618458,187,128,427,367
4636066,197,160,405,279
4646102,162,218,256,415
4656012,3,224,200,431
4664729,169,128,423,199
4664828,202,179,192,431
4666999,178,224,192,415
4677269,172,227,160,407
4687765,31,191,207,436
4692424,192,80,0,407
4696310,182,128,415,309
4700153,192,200,176,419
4703223,5,208,178,436
4709473,206,214,128,419
4711161,134,192,415,295
4713248,203,128,415,315
4718787,182,208,288,425
4730433,191,209,160,423
4731202,176,126,416,351
4731238,106,128,561,294
4731337,181,224,484,327
4740599,202,192,421,343
4744297,155,179,408,255
4746446,158,128,415,212
4755771,202,184,272,423
4760891,192,191,160,417
4765111,4,223,237,464
4775460,139,244,144,425
4798616,113,220,258,416
4807565,203,160,426,287
4811638,159,244,272,423
4813390,90,223,160,403
4824535,139,224,160,417
4831955,188,233,160,407
4839126,183,205,224,427
4847049,177,217,80,413
4851624,124,194,192,468
4856578,196,224,415,347
4909287,176,235,256,415
4914993,215,160,431,247
4917393,144,155,192,403
4926132,68,163,160,431
4937653,154,160,415,238
4941873,202,229,272,404
4956721,66,197,192,431
4978533,177,229,96,405
4986812,197,128,415,119
4990843,9,154,255,436
4996612,180,160,407,291
5007426,104,123,256,415
5010077,192,157,160,415
5010532,154,160,407,298
5016154,202,144,407,219
5017153,183,196,192,407
5020725,98,209,208,431
5020761,127,232,144,407
5026299,169,219,10,440
5026837,194,174,224,415
5029489,209,247,64,407
5030341,4,208,192,450
5044811,182,160,431,223
5054930,209,258,0,411
5063376,207,192,415,223
5068998,197,192,423,47
5080770,197,137,288,403
5082125,207,128,427,255
5083626,196,64,415,283
5111851,149,192,423,303
5128485,183,188,256,407
5129840,163,213,288,407
5146092,187,176,423,319
5149037,192,220,232,422
5157880,173,218,0,405
5161912,166,176,415,309
5161991,192,96,441,207
5170164,128,223,272,447
5185220,192,256,423,239
5192767,198,192,403,271
5199498,143,224,136,407
5211751,3,190,224,405
5229108,9,188,215,496
5239185,202,221,256,447
5258174,193,64,415,236
5301826,207,220,405,375
5323786,148,189,135,424
5324890,154,218,128,463
5330762,3,112,256,427
5332368,202,151,256,447
5333617,3,185,176,419
5349301,77,173,180,452
5353103,67,178,192,437
5357662,111,207,104,442
5369977,3,212,208,415
5371583,192,118,272,427
5397266,32,255,127,422
5397637,202,207,192,403
5398740,4,259,256,431
5402918,104,209,160,445
5404022,191,187,192,439
5416463,188,190,264,409
5434260,115,175,256,411
5454379,158,192,406,264
5461234,103,182,192,415
5464472,191,157,8,413
5467165,93,238,80,415
5472169,98,208,64,407
5472959,0,135,288,431
5499258,139,224,423,319
5507035,167,179,288,407
5513661,108,184,0,407
5542628,149,200,407,335
5566888,163,216,214,419
5576823,192,210,256,431
5595479,183,160,415,279
5596728,188,214,224,415
5613751,198,32,423,179
5620272,139,175,256,411
5623927,0,161,160,407
5643418,187,218,192,421
5657763,135,232,128,407
5660331,144,239,204,423
5682437,99,160,256,431
5682473,127,235,176,419
5683325,192,201,256,439
5691311,182,224,415,127
5691933,162,225,256,437
5692785,144,178,16,441
5697089,207,172,64,431
5712836,180,219,96,427
5733707,207,64,423,287
5736358,197,78,408,223
5743340,203,208,416,255
5744569,124,224,307,423
5748647,159,192,407,231
5748893,98,178,80,423
5772923,109,218,268,452
5777081,202,64,431,284
5779983,64,219,128,413
5785354,183,190,0,407
5793339,3,164,256,427
5798688,139,108,218,412
5812176,138,229,215,455
5812715,212,96,415,168
5816027,169,218,230,416
5839450,150,143,406,231
5839601,95,231,128,423
5841185,107,175,146,444
5858145,203,208,415,327
5859395,6,184,192,407
5863448,2,244,192,415
5872165,192,184,0,423
5888874,207,256,407,331
5903303,91,185,186,403
5916873,37,245,128,435
5929863,144,167,96,415
5930967,178,229,256,417
5942947,4,213,256,475
5943737,194,194,128,407
5957224,209,158,256,439
5958579,197,224,411,341
5961481,155,160,431,275
5969947,184,128,407,31
6005295,177,160,415,275
6015058,3,127,208,415
6023881,193,199,221,452
6037264,191,196,187,406
6043367,209,192,411,251
6043717,139,148,64,423
6049736,150,215,128,439
6073432,4,192,256,415
6077087,153,97,208,407
6081391,93,194,64,411
6085799,210,192,407,143
6091170,111,192,425,255
6112125,176,175,160,431
6118128,187,245,168,413
6122348,182,151,128,415
6125753,173,112,341,415
6135224,167,224,128,407
6135678,183,160,407,335
6136929,13,218,128,415
6152792,147,189,193,424
6156196,31,175,120,406
6158010,215,189,224,411
6169457,55,195,208,431
6176753,185,234,256,407
6183818,159,77,268,406
6196783,146,223,152,410
6199287,148,234,128,427
6200390,187,160,423,287
6201891,183,196,0,423
6204500,197,128,423,111
6207801,88,203,176,415
6220492,172,132,160,415
6228186,177,116,256,431
6234748,207,128,431,293
6237440,159,128,320,419
6249964,183,188,256,443
6251319,215,192,427,191
6264011,183,224,128,447
6278502,184,223,192,407
6294877,188,234,176,410
6313217,183,223,144,407
6316433,139,217,0,423
6336259,182,100,224,411
6340771,187,222,450,199
6342398,3,176,192,427
6355320,183,188,296,419
6361423,89,214,192,407
6375183,192,218,144,407
6381766,178,189,276,415
6389836,186,195,192,415
6395563,227,192,405,295
6404448,100,192,0,414
6417370,31,224,208,407
6434706,154,219,160,431
6446043,72,164,176,447
6464362,154,208,192,407
6487954,188,196,224,403
6489454,7,218,212,441
6493518,188,128,415,255
6498826,191,192,439,139
6503904,183,213,404,335
6506523,197,210,272,447
6511727,197,123,272,431
6521762,202,144,411,255
6529643,159,204,227,428
6535662,198,200,279,408
6542226,209,192,405,223
6552638,194,144,431,127
6552716,192,192,415,155
6557920,202,192,411,274
6583498,139,224,407,231
6587447,207,198,256,431
6621978,187,223,8,448
6647452,138,222,176,423
6656003,188,80,411,224
6671837,52,194,256,418
6681266,106,178,288,407
6697597,207,234,160,439
6698449,89,210,160,427
6698486,0,250,192,415
6714254,188,96,459,351
6724644,183,194,304,407
6726543,203,211,202,416
6727395,119,145,160,423
6729293,213,154,264,401
6734937,124,225,192,431
6737734,62,220,64,435
6738670,4,208,280,406
6740128,215,223,256,410
6744203,149,16,407,295
6748046,3,224,128,415
6749651,64,239,208,415
6752533,202,16,415,255
6757987,210,192,415,199
6763609,198,171,256,431
6794479,182,157,232,440
6796560,83,222,192,407
6801177,108,224,128,407
6814058,99,168,409,319
6816950,192,183,320,427
6825270,178,0,440,231
6829469,199,192,415,315
6841282,2,208,128,415
6845064,79,225,256,415
6863676,213,191,256,447
6864507,177,101,217,402
6869355,192,192,423,298
6872153,193,214,256,443
6908818,175,230,256,407
6910632,3,208,255,480
6916024,84,215,217,409
6922797,195,129,128,415
6930740,178,160,411,187
6951716,149,224,429,255
6955978,134,55,256,407
6969926,198,64,411,287
6972870,203,169,256,403
6991444,204,128,427,279
6992840,144,210,208,413
7008126,10,174,192,415
7008833,170,231,128,431
7016316,172,232,192,431
7026644,139,160,0,439
7038731,480,147,241,180
7041131,199,128,447,174
7055350,188,128,407,207
7056726,89,128,407,275
7059670,129,189,240,401
7062467,98,146,256,423
7067273,154,225,128,431
7090906,193,108,336,407
7095482,202,160,403,299
7098426,184,170,304,415
7098860,168,255,126,436
7101272,155,256,415,245
7108734,160,320,0,407
7110068,183,256,407,159
7111673,160,415,47,191
7138186,204,143,191,418
7149142,188,213,256,423
7154031,135,184,209,414
7154947,203,128,416,395
7156447,164,128,407,295
7159266,78,181,256,407
7160871,193,80,423,235
7166953,129,222,256,439
7168035,119,240,407,175
7184096,159,128,415,151
7199779,72,200,208,415
7213476,88,195,146,440
7215227,109,219,224,427
7215264,127,230,152,413
7227580,161,196,255,451
7229436,181,194,256,407
7232254,95,219,256,421
7235597,149,97,209,408
7236784,203,192,402,251
7240522,128,169,192,415
7251374,203,192,431,343
7255200,89,186,160,415
7294126,105,181,144,471
7295333,200,128,407,191
7298068,139,195,261,410
7324441,208,128,407,319
7327385,183,120,272,427
7334952,184,128,407,267
7335303,119,207,128,423
7336407,181,192,431,55
7337907,180,174,224,407
7357628,200,192,415,191
7370006,89,178,256,415
7383201,184,184,224,424
7394147,204,96,443,319
7410751,173,216,288,415
7412252,189,160,411,319
7415593,109,228,144,407
7419332,189,144,168,427
7427056,193,204,240,415
7432991,198,187,256,421
7447989,198,96,427,303
7455703,192,215,64,423
7458354,191,128,415,234
7464206,176,560,265,184
7469954,164,160,413,63
7491284,173,189,0,406
7513244,135,232,272,415
7518364,201,199,297,401
7524090,139,160,423,255
7545296,160,128,407,207
7562067,0,239,192,431
7562522,190,190,264,439
7568709,124,119,128,411
7568746,219,143,128,431
7568866,105,208,288,407
7575513,173,149,256,431
7575570,160,280,415,285
7577029,171,206,283,425
7597022,174,128,403,335
7601995,174,164,160,415
7619310,147,181,404,303
7632217,198,190,256,411
7636561,179,144,415,315
7639485,176,208,411,195
7664394,208,208,417,319
7673300,192,112,415,239
7681641,173,204,192,415
7684669,32,193,224,407
7693826,32,208,288,413
7709091,112,250,64,423
7722286,178,64,37,411
7722333,104,176,0,415
7737180,215,216,256,435
7739684,50,206,256,431
7747942,168,160,31,459
7748794,62,226,160,407
7750786,149,180,320,423
7761386,195,192,427,223
7763033,109,192,32,415
7788360,119,112,224,423
7789359,149,114,176,419
7795608,207,192,405,95
7812028,159,200,415,331
7823968,155,226,0,421
7827225,195,210,270,417
7847260,37,156,256,415
7853425,208,227,264,425
7858022,192,256,415,187
7870046,195,208,415,239
7871567,203,163,256,431
7874658,145,178,0,433
7878731,163,211,192,423
7888034,198,219,256,427
7888970,143,96,407,291
7911767,96,183,201,404
7913497,3,224,160,415
7918366,13,205,264,410
7933171,0,204,200,407
7945068,175,216,256,407
7946443,144,158,224,407
7950915,194,160,427,291
7970908,162,165,208,411
7975045,198,247,228,464
7993473,144,215,328,407
8005704,189,190,384,407
8007749,119,181,128,423
8011886,204,174,264,435
8016419,203,183,283,444
8025054,186,96,295,476
8026210,95,146,172,432
8036538,183,232,128,423
8037536,188,205,256,435
8038933,3,190,253,412
8048174,63,192,415,303
8059213,215,198,192,403
8072585,136,239,128,415
8073290,219,224,415,295
8120017,152,47,405,246
8123129,109,240,256,423
8136783,9,169,220,444
8140146,177,226,256,415
8141145,105,223,256,419
8145386,199,184,426,367
8155443,184,128,407,291
8155984,89,235,224,415
8179659,193,115,392,413
8189654,198,104,176,403
8191007,189,160,405,283
8202151,191,128,415,191
8209029,4,219,248,433
8214734,169,143,256,423
8226966,149,192,415,237
8227442,191,199,192,427
8229570,160,208,407,255
8230568,172,234,256,427
8230898,173,204,200,415
8278859,7,225,112,435
8280444,204,128,415,231
8289162,62,151,232,413
8337584,195,130,192,407
8346866,191,207,72,415
8355437,186,209,192,423
8358925,185,139,265,410
8396406,168,210,208,431
8398936,134,159,192,439
8399454,140,226,128,407
8405682,176,160,413,127
8413532,161,134,368,443
8418652,173,228,192,403
8425758,209,222,269,434
8453304,115,233,256,407
8456394,22,221,256,407
8464484,203,160,439,159
8465723,4,157,176,418
8471784,199,128,231,435
8486443,169,128,435,343
8487587,150,246,144,453
8493899,134,239,192,407
8494982,124,211,0,415
8500331,64,271,256,450
8506309,135,196,207,438
8511972,99,236,232,423
8520355,183,118,128,481
8528445,208,160,407,191
8529820,194,0,415,255
8531304,223,160,415,191
8541487,231,192,427,215
8541815,207,218,96,407
8570448,99,105,224,440
8586634,188,208,176,415
8586670,95,230,208,423
8588715,203,144,192,427
8597495,219,211,208,422
8608012,115,222,160,415
8620851,208,227,392,415
8623795,156,126,256,407
8625651,159,191,131,434
8626671,168,208,427,151
8633820,4,210,160,419
8641554,168,235,136,425
8643745,173,187,193,440
8674469,4,239,224,405
8686681,109,195,96,403
8689206,4,149,256,427
8705015,99,150,160,405
8705637,185,160,415,319
8715709,188,224,128,411
8718779,27,224,288,431
8719925,188,212,160,411
8743871,112,96,271,416
8751543,110,195,160,439
8770553,3,190,160,411
8770599,4,218,256,415
8777372,189,179,192,445
8790316,192,128,415,255
8795769,104,112,344,412
8822457,198,226,256,447
8825527,213,64,447,307
8838867,185,160,415,295
8847042,188,280,224,431
8860822,128,263,287,427
8863808,203,172,256,431
8866940,174,171,14,408
8929441,62,190,220,416
8933912,207,192,415,285
8946939,4,233,233,456
8959151,204,128,415,247
8961723,0,231,168,413
8973536,27,208,128,427
8978844,136,230,192,415
8983023,114,181,192,415
8996719,3,216,208,431
9022005,57,230,192,431
9025953,155,169,256,411
9027098,37,145,168,415
9030168,120,149,256,432
9036104,109,200,16,447
9056348,204,64,427,335
9067973,194,216,444,351
9075206,198,144,433,287
9092355,3,226,152,416
9099838,155,216,256,431
9104100,130,216,296,431
9111471,204,70,256,412
9117427,173,207,233,413
9129263,192,128,407,223
9130784,184,256,407,311
9133435,127,205,202,422
9133707,198,160,425,303
9136044,198,182,144,405
9150796,62,134,320,415
9161459,204,217,192,435
9162437,145,163,192,431
9164231,164,128,411,228
9165523,4,122,280,401
9167798,113,241,128,431
9235172,139,128,272,403
9238242,189,64,292,415
9253005,135,191,256,423
9253084,178,208,427,159
9277282,192,119,404,245
9301960,168,118,264,447
9309445,208,88,413,319
9310589,3,195,160,429
9319914,194,256,447,303
9336476,179,247,160,423
9365632,114,87,250,448
9383659,186,119,160,423
9384804,139,235,256,439
9386895,109,132,283,452
9389169,3,232,128,423
9392239,4,184,256,423
9400894,63,228,256,407
9411620,31,189,208,415
9426843,184,220,192,403
9427989,184,221,128,431
9437544,176,175,0,427
9454461,193,91,200,431
9466422,122,256,128,413
9470788,188,208,403,303
9472562,4,192,192,429
9492630,194,160,439,295
9494403,205,228,64,431
9518831,163,207,251,449
9527109,105,100,256,423
9527208,214,220,256,404
9531554,189,201,256,443
9543515,192,224,407,283
9546731,176,255,32,407
9561839,173,133,192,407
9566189,4,248,144,415
9571434,134,123,192,415
9571784,95,214,256,423
9578054,189,230,144,411
9611311,208,232,405,315
9612289,44,197,64,411
9623224,4,189,160,439
9643154,89,199,118,450
9646098,184,176,415,255
9655339,4,231,192,407
9677361,195,205,256,407
9697563,32,255,256,415
9712723,119,233,192,415
9731106,13,122,288,423
9731771,95,187,224,441
9733334,188,227,192,431
9758996,10,64,403,309
9795954,57,230,192,427
9810634,194,153,272,415
9817385,5,194,134,466
9819054,189,192,411,287
9831771,109,240,176,419
9846890,173,208,407,175
9854123,151,248,80,407
9882964,190,96,403,319
9899695,199,179,256,415
9918997,208,227,272,437
9921774,215,80,439,271
9923141,193,208,423,292
9926274,72,226,224,407
9934741,119,237,406,239
9939923,78,185,224,415
9944123,199,211,144,419
9954472,132,214,256,411
9957583,195,142,412,239
9967201,119,175,128,415
9967551,184,196,192,431
9969325,215,220,88,409
9971756,165,160,256,415
9972419,110,114,160,423
9973481,72,127,192,415
9991507,4,211,192,453
10006966,179,160,431,207
10012546,124,256,415,219
10012645,208,192,415,27
10022430,189,186,256,407
10023115,121,253,256,401
10023800,207,207,224,427
10024193,169,257,256,415
10026613,111,197,240,423
10038134,179,224,431,167
10041100,124,168,16,427
10047664,160,207,231,414
10070669,4,220,232,413
10071751,147,160,407,291
10075030,4,204,192,415
10079544,207,160,427,287
10093010,207,181,197,408
10117166,205,168,407,223
10121700,128,159,40,414
10124916,193,81,224,415
10128384,159,192,415,251
10146979,197,192,431,303
10152643,193,64,437,335
10152742,188,254,0,431
10159431,196,160,415,319
10172680,88,214,148,403
10174703,184,68,128,415
10181560,190,160,407,191
10200297,192,259,280,407
10210731,184,120,81,449
10214930,207,128,415,301
10235551,199,208,415,55
10236445,194,132,144,439
10242946,190,206,0,443
10244321,204,192,407,175
10245079,67,201,160,407
10245575,13,197,219,404
10255716,179,237,128,407
10274789,134,128,443,335
10277754,194,128,415,199
10282037,196,160,407,299
10282413,166,191,192,431
10282512,150,230,128,407
10289138,146,226,288,415
10304926,135,60,256,431
10326781,203,152,431,255
10326881,206,128,415,279
10329595,189,154,288,407
10347977,178,181,288,405
10350692,172,172,224,411
10369075,99,228,0,415
10369111,88,271,0,423
10376071,192,214,288,413
10377593,160,200,415,204
10377860,108,134,160,421
10384464,94,124,176,411
10386092,179,192,427,251
10394684,230,160,415,223
10399197,196,187,187,432
10404610,184,208,234,458
10405985,189,144,411,335
10407730,104,224,407,276
10412960,185,207,232,405
10425509,152,208,348,405
10434243,164,108,272,432
10437553,207,138,160,427
10442809,161,224,415,311
10458940,119,226,256,403
10463417,190,232,128,431
10466726,141,192,407,331
10469595,146,174,285,442
10479523,185,160,407,277
10495300,145,208,336,431
10499700,184,155,256,415
10502672,195,128,415,283
10515507,89,177,144,420
10517778,207,163,160,407
10529185,195,64,427,351
10533922,120,239,8,423
10546705,124,217,160,431
10549184,104,243,224,405
10551511,198,227,262,436
10551992,197,198,208,415
10567085,188,176,351,454
10588433,205,232,288,415
10594208,190,128,407,375
10610365,146,227,192,431
10611261,161,96,256,427
10623550,205,132,436,293
10632752,100,212,192,439
10723918,128,267,136,411
10730680,219,176,419,205
10734924,185,182,272,432
10741581,99,186,288,405
10743853,156,222,192,407
10749498,96,235,402,325
10754962,194,208,272,415
10757207,103,240,192,439
10776219,99,200,64,415
10784667,7,212,212,418
10789689,164,238,0,407
10794078,105,132,320,415
10812103,156,128,407,287
10814971,170,117,256,443
10828430,156,232,256,439
10832881,62,242,192,429
10836034,205,96,407,351
10837267,26,223,192,407
10837617,210,192,403,175
10842873,110,231,228,453
10846113,127,229,224,403
10848567,196,192,431,88
10854263,155,195,216,432
10892820,190,210,160,443
10910379,194,128,407,314
10920644,109,216,128,403
10925095,125,257,144,415
10933154,205,128,431,217
10933947,521,230,188,12
10941461,180,0,415,183
10955515,214,164,256,405
10994543,190,213,0,415
10997982,94,224,160,407
10999007,165,151,208,415
11011452,128,243,64,407
11017461,155,201,202,444
11045999,211,169,304,423
11052475,93,206,162,441
11053915,175,208,255,430
11055952,4,208,160,407
11060534,205,208,320,407
11066205,185,192,431,327
11073018,123,219,256,407
11079494,162,174,264,407
11081065,174,232,280,415
11101608,231,136,432,311
11102867,105,212,224,423
11103062,200,176,224,404
11104477,204,192,407,239
11107355,141,166,216,455
11107499,205,208,407,95
11111798,170,81,256,415
11117521,4,221,128,422
11119844,94,230,224,441
11125515,110,249,64,423
11138921,190,134,304,415
11141919,192,168,415,153
11146215,170,232,272,406
11152613,159,196,176,415
11158697,99,218,144,431
11181422,94,197,192,415
11255485,180,96,446,365
11261338,175,160,407,212
11305630,62,224,224,439
11305955,207,160,407,191
11308979,195,320,415,287
11312444,99,219,224,423
11313469,156,125,360,407
11317012,198,224,96,427
11333766,56,231,192,415
11334116,144,192,407,271
11345813,183,148,222,404
11349823,207,207,184,421
11359388,107,200,260,415
11378452,88,233,112,431
11382877,185,203,296,407
11392053,128,200,439,55
11419084,206,157,256,401
11422550,105,249,128,415
11423575,181,64,403,359
11432827,51,203,208,417
11440653,196,128,421,343
11448400,196,205,8,448
11452359,185,235,260,408
11454474,210,16,429,359
11454669,105,218,48,409
11464051,99,230,128,431
11484698,195,96,415,260
11505044,197,192,407,271
11516062,186,224,121,461
11518904,111,201,82,420
11520323,212,184,418,255
11526772,211,195,160,423
11541190,204,256,411,279
11558490,185,177,442,255
11568625,99,232,128,407
11574660,128,239,242,424
11577044,176,207,201,442
11584377,160,407,319,237
11616315,196,192,421,223
11625230,191,192,415,287
11649382,211,128,415,309
11658038,104,202,233,425
11668018,202,239,80,424
11687652,145,198,28,453
11694907,16,200,224,427
11722146,191,168,352,415
11734151,5,239,135,416
11737435,195,226,428,255
11739057,195,234,224,419
11742055,176,131,407,283
11742643,162,208,184,406
11759916,196,160,409,279
11762992,210,210,288,447
11793683,206,144,411,335
11804546,180,120,272,432
11812034,219,184,420,339
11827178,212,153,411,287
11840765,206,144,431,199
11853652,95,238,136,419
11857662,159,193,392,415
11861933,47,231,200,458
11866487,205,160,423,335
11872574,156,242,288,407
11885720,5,218,128,435
11889263,94,178,160,407
11894971,195,183,256,403
11904043,141,256,407,171
11917656,200,96,439,295
11929893,169,237,128,415
11950386,206,189,256,411
11956891,173,186,228,416
11959941,110,136,256,415
11976176,192,176,428,207
11983794,181,192,405,333
11984533,120,253,168,427
11997845,223,180,64,439
12004788,151,215,256,413
12005372,110,222,96,411
12009382,196,256,407,179
12010044,121,248,192,423
12015481,207,192,407,223
12017338,105,229,48,411
12022515,64,415,287,267
12036233,195,192,425,351
12038660,113,213,256,415
12054583,115,130,288,405
12057088,162,203,160,407
12075762,192,214,432,379
12078605,206,208,415,383
12081654,162,182,256,415
12090497,239,128,431,283
12098270,119,209,160,415
12116270,175,202,272,403
12119293,212,128,423,319
12128391,202,192,415,121
12143094,180,215,160,421
12186478,192,216,401,351
12198145,172,235,168,425
12217391,193,203,176,437
12219351,159,225,224,407
12233405,191,209,96,431
12245928,151,219,192,404
12248251,176,87,320,407
12272870,202,208,415,223
12281068,115,217,256,407
12282353,207,223,295,456
12284001,181,128,423,247
12293280,201,192,411,279
12293527,94,229,118,461
12299327,215,160,407,327
12299708,140,232,96,415
12317033,62,98,233,416
12319148,202,182,264,430
12326778,206,160,431,287
12331438,195,144,407,127
12333683,109,212,288,423
12339848,191,188,224,407
12341262,116,271,80,415
12349191,95,222,202,442
12350295,183,160,407,249
12371850,185,160,427,207
12386657,4,239,144,405
12412962,175,172,192,415
12425381,219,206,230,475
12446055,4,209,224,423
12446094,4,224,211,415
12454205,141,160,288,403
12460421,0,223,255,408
12465235,4,224,128,407
12478200,200,256,415,299
12482785,137,176,227,409
12488274,130,250,192,423
12501473,208,192,407,183
12514775,190,235,128,415
12526156,171,32,403,255
12530971,180,197,256,415
12535578,201,208,415,319
12540237,206,16,403,279
12557250,111,176,403,221
12571461,175,192,407,319
12583595,84,122,192,416
12583738,0,240,327,415
12588354,5,199,191,416
12592831,96,231,240,413
12595414,130,230,0,410
12606484,181,183,0,452
12617371,141,150,272,411
12630622,116,120,160,411
12632114,110,232,192,431
12633321,196,166,432,392
12638139,186,192,407,223
12639268,143,188,192,411
12658861,211,209,256,431
12665128,4,237,128,423
12683777,195,210,224,411
12688306,163,189,96,466
12689175,181,169,192,403
12697261,88,217,160,431
12704307,207,160,436,223
12742448,172,109,269,433
12745420,0,260,136,411
12750675,186,240,289,452
12762394,161,151,256,415
12764016,227,128,431,141
12765146,185,227,160,407
12767495,205,153,112,426
12781913,4,177,224,401
12804143,181,0,415,311
12819988,151,248,128,443
12823764,136,128,256,427
12836759,200,166,224,423
12851515,196,128,407,175
12854823,166,104,285,421
12892913,136,162,224,405
12895625,207,145,403,207
12897818,101,205,224,451
12920049,146,248,224,407
12935895,7,204,160,407
12971284,201,181,288,405
12993333,190,224,415,255
12996227,0,212,247,432
12997262,182,230,184,411
13001037,37,218,128,414
13002245,106,203,224,415
13004724,147,149,286,448
13012523,176,228,128,435
13023385,196,177,231,434
13029420,105,244,128,415
13029485,89,224,232,419
13031963,0,255,256,415
13047823,99,224,57,452
13049185,200,239,256,447
13054233,196,128,421,367
13069119,207,192,401,235
13072791,180,234,64,429
13079163,146,128,0,407
13079202,203,148,32,407
13079267,182,411,47,272
13089636,164,251,144,411
13094866,84,287,39,404
13121250,100,224,192,427
13148178,158,155,288,407
13157612,195,168,401,311
13167618,143,208,128,427
13182010,176,177,304,410
13182153,204,256,431,299
13186889,186,140,272,403
13197726,128,191,262,408
13208666,136,229,256,403
13222097,4,213,240,407
13256064,162,256,415,63
13258672,141,230,260,448
13262630,195,224,208,407
13283641,77,244,128,423
13299356,180,234,160,443
13299889,196,192,256,407
13303172,192,72,415,273
13306637,200,204,433,224
13309920,191,119,256,426
13313162,203,200,411,307
13340661,21,239,256,421
13340804,206,160,415,247
13345748,157,32,402,267
13371456,192,280,407,291
13372716,30,218,264,407
13391961,146,198,236,456
13395737,132,182,530,193
13406392,176,160,415,311
13412271,190,225,128,415
13414966,104,240,208,405
13421160,191,134,320,494
13421536,80,183,48,415
13434915,89,208,176,438
13444143,4,243,208,403
13446102,192,136,407,287
13479104,186,219,144,415
13485320,141,64,415,297
13501425,239,213,272,411
13504683,206,192,435,341
13514013,7,193,128,423
13526121,141,130,238,448
13529145,110,213,0,423
13531831,0,222,224,407
13538591,128,223,256,415
13545197,95,187,96,419
13564235,88,176,15,412
13570062,156,198,183,428
13576018,119,258,232,435
13580444,88,239,256,415
13581520,181,222,192,415
13583688,191,192,423,349
13619757,12,135,160,402
13629346,186,288,415,287
13642778,176,111,252,412
13642920,117,235,192,431
13671977,151,226,290,457
13672510,182,224,273,460
13673041,171,197,191,404
13686432,88,255,64,411
13713386,6,212,256,423
13718279,105,160,411,351
13732749,207,144,415,255
13739354,191,244,0,415
13749126,190,157,15,441
13753940,201,192,407,341
13755589,186,208,407,223
13757211,198,178,282,428
13771966,4,224,192,415
13794466,15,45,222,409
13802395,0,207,231,454
13804821,203,136,192,415
13805020,196,219,176,415
13806279,149,128,159,434
13809225,202,136,407,383
13810692,4,156,256,407
13811042,172,256,0,415
13816583,113,213,224,415
13822461,211,192,407,63
13825927,153,200,0,455
13830948,161,208,32,407
13840279,13,195,130,448
13840422,147,192,256,415
13840954,146,209,128,407
13855788,111,244,256,407
13858656,147,208,48,411
13863392,166,202,56,413
13882975,190,228,160,403
13885143,162,201,256,407
13891255,130,96,256,411
13897004,104,192,80,403
13905504,160,308,407,299
13918732,213,231,248,480
13920068,146,212,156,453
13922806,4,152,192,429
13926401,176,144,411,279
13940948,5,206,259,427
13941569,144,255,112,447
13951497,212,108,414,242
13961529,186,128,402,383
13972676,156,201,219,448
13974479,7,182,136,408
14000915,197,191,208,423
14002304,23,194,258,456
14011971,4,240,304,411
14017980,100,241,168,403
14020043,167,176,315,424
14040363,186,214,288,435
14041829,4,230,168,423
14044645,111,197,256,431
14072975,99,204,208,455
14075454,4,189,204,424
14077261,191,203,254,420
14082283,201,128,415,319
14088759,186,192,407,213
14129521,4,187,80,415
14140176,113,193,192,407
14144159,159,214,412,79
14163458,255,239,191,420
14172944,0,255,192,415
14174955,139,204,272,428
14188387,161,64,407,255
14196524,172,144,427,207
14200430,105,249,128,415
14209267,4,213,128,411
14209306,4,214,256,431
14210642,129,159,414,302
14222907,176,192,415,215
14226865,107,241,144,421
14229811,115,222,156,440
14236961,89,244,163,432
14244007,197,96,352,415
14269304,4,150,224,405
14272328,131,159,160,431
14278155,121,155,240,407
14295947,141,224,256,452
14296905,191,64,439,235
14316073,166,151,256,411
14323847,176,213,240,429
14339173,167,193,184,424
14375471,51,233,224,407
14382777,4,208,202,458
14386138,135,200,27,412
14405876,115,235,232,411
14431273,90,103,256,419
14432896,26,236,256,410
14435929,180,244,112,403
14442093,168,215,223,420
14443170,206,209,256,437
14451385,206,144,273,454
14462351,53,214,211,452
14476405,165,184,561,241
14487738,4,243,256,424
14489153,162,233,96,423
14494980,106,131,0,405
14496342,201,32,431,287
14498016,186,229,256,407
14502493,4,224,128,415
14502843,169,207,256,455
14505711,16,251,239,459
14516936,191,226,214,437
14521206,147,224,256,429
14526306,179,230,192,423
14537013,93,162,144,415
14546629,5,209,173,446
14563227,152,192,191,440
14565238,4,224,288,423
14585496,4,120,208,415
14589117,166,202,256,431
14595852,176,128,336,427
14626518,186,160,403,216
14641480,4,196,256,407
14668824,110,238,224,411
14671695,4,80,256,411
14685399,136,208,272,423
14693173,144,207,219,404
14700375,187,160,405,255
14702231,168,168,439,287
14709459,128,231,217,420
14733793,131,230,256,415
14745874,192,64,407,275
14750741,165,224,0,421
14767157,110,160,423,351
14786896,99,179,224,411
14788502,99,231,240,411
14797340,104,193,231,435
14804750,211,128,415,303
14805335,114,178,256,405
14814665,191,128,407,160
14816313,181,128,431,159
14817987,191,173,256,415
14827526,143,162,224,407
14869196,146,164,119,424
14872069,186,64,423,315
14885604,192,176,415,279
14886708,176,215,247,432
14894974,131,183,139,416
14909756,131,64,405,365
14912883,4,193,208,407
14924316,4,59,192,404
14933206,110,250,64,415
14937528,4,244,160,427
14948805,165,93,265,453
14962081,163,225,160,415
14971048,136,256,401,343
14972904,191,189,208,407
14976759,167,169,192,431
14979497,207,128,422,255
14984079,16,215,256,407
14991411,89,226,0,427
14992825,202,192,419,367
14994473,136,192,407,107
14999652,203,136,266,432
15004717,191,192,407,247
15013295,126,223,272,419
15015150,196,166,282,416
15028426,84,246,192,407
15032203,163,160,407,319
15045868,202,192,423,223
15064128,197,220,288,423
15065647,12,234,192,404
15069266,211,179,256,423
15084645,168,176,415,286
15130660,161,202,140,424
15135968,177,151,192,407
15150152,196,202,256,431
15189357,152,128,407,255
15191603,127,241,96,407
15244070,148,201,208,424
15273256,0,263,128,415
15276384,79,229,208,415
15296279,197,208,128,407
15323441,30,149,240,401
15331478,202,208,412,319
15345325,104,193,152,407
15345727,203,192,435,317
15377795,0,409,285,238
15401582,196,75,256,425
15419401,191,224,256,439
15429121,89,4,256,415
15440787,201,160,431,303
15440904,201,219,256,415
15442344,105,123,160,432
15460085,212,232,376,415
15465445,121,203,192,423
15470468,4,100,232,415
15475827,4,225,224,407
15476489,167,216,18,406
15477955,181,200,411,237
15490790,192,168,427,207
15493061,147,204,96,401
15496175,197,0,419,279
15503377,212,192,431,299
15527429,175,251,112,423
15533126,0,192,192,415
15539550,182,172,176,415
15544312,207,96,407,251
15544767,111,233,208,431
15552956,0,231,256,423
15571240,57,224,288,411
15573096,115,176,403,191
15574547,16,255,208,405
15576792,147,150,352,407
15581970,126,176,403,311
15599373,4,100,352,410
15604732,152,225,256,423
15611597,0,176,419,63
15611741,125,160,415,63
15611935,200,208,423,134
15612338,159,176,421,191
15619358,197,108,200,407
15624563,41,224,417,383
15626003,32,151,176,407
15646988,126,228,128,415
15658529,144,405,151,275
15658594,64,439,127,241
15704910,146,176,407,363
15710893,206,239,219,436
15723079,20,0,271,448
15723429,115,280,288,407
15729230,159,186,237,448
15735706,199,170,0,407
15736290,175,191,221,440
15744868,116,163,272,415
15749865,111,252,192,415
15753019,147,209,256,459
15759468,176,219,144,431
15764283,182,208,412,375
15783892,95,281,217,416
15785605,32,256,273,423
15795584,32,235,144,423
15810287,172,160,192,407
15811987,197,210,256,439
15841225,171,178,128,431
15857880,4,136,200,427
15861578,116,241,264,417
15864940,177,220,208,435
15873102,35,241,251,448
15882382,187,208,231,404
15883640,147,96,423,287
15896070,182,224,7,466
15918534,4,186,192,415
15920779,84,232,272,411
15950614,31,226,224,407
15962981,198,204,256,403
15963566,102,136,168,403
15994101,171,156,160,423
16001071,201,239,252,468
16029426,84,208,248,412
16030815,208,224,431,255
16041989,115,215,224,431
16043040,171,128,423,192
16048427,171,255,256,415
16063207,4,128,256,411
16063406,141,204,288,447
16068195,15,175,270,456
16069972,4,240,151,426
16071621,4,232,144,408
16073269,4,241,148,418
16076423,120,204,160,421
16078123,95,184,136,427
16083067,40,255,256,411
16095305,197,188,356,403
16095551,110,219,9,448
16099250,30,188,208,415
16107620,200,192,407,39
16119780,181,192,411,223
16122764,197,241,128,431
16131264,89,232,160,407
16163228,176,227,183,404
16171054,157,218,192,413
16172286,55,87,217,419
16175985,197,236,292,403
16177633,184,256,415,291
16181180,207,176,407,239
16196325,111,194,144,424
16230650,9,218,192,429
16230793,202,256,415,287
16235540,206,236,256,439
16263454,130,160,280,402
16273408,109,238,128,413
16292836,170,208,160,407
16295989,152,208,243,438
16343421,187,88,405,219
16361240,171,125,320,431
16362940,171,174,328,439
16364641,131,245,288,415
16392010,131,219,256,417
16392983,167,206,205,432
16398369,12,184,144,423
16436822,177,204,224,415
16444906,4,96,256,415
16453276,176,46,261,406
16455262,125,225,288,431
16455461,200,224,403,159
16461625,4,130,264,465
16474979,187,184,128,406
16475173,72,232,128,415
16513833,0,254,267,410
16519738,124,160,255,401
16521231,202,160,411,319
16557840,80,223,0,415
16578357,141,191,0,419
16588518,181,250,176,407
16590167,197,192,437,351
16591671,78,80,401,343
16601729,182,194,148,402
16601923,4,251,160,423
16619377,94,225,420,315
16621234,153,183,256,403
16622934,197,195,288,419
16627904,127,213,225,440
16650108,89,11,0,418
16655000,182,96,423,197
16664072,147,144,426,315
16696793,176,63,160,415
16715804,219,195,261,430
16722524,177,177,192,423
16723782,0,435,175,282
16742535,162,220,192,414
16758588,223,192,411,169
16760470,208,192,423,339
16776367,200,192,411,313
16777860,0,211,296,423
16778054,176,193,416,379
16783544,191,200,256,407
16800868,207,128,415,294
16806513,118,240,256,513
16820931,96,255,64,415
16834596,105,210,64,431
16853374,192,256,439,303
16863173,4,240,176,407
16868455,181,192,415,298
16888271,131,114,224,427
16891554,255,238,234,412
16907871,187,189,182,408
16909908,11,215,158,434
16912621,99,199,256,423
16914866,95,236,176,403
16919084,198,192,421,159
16922574,193,208,401,383
16926117,198,88,288,403
16927766,192,64,415,296
16943494,137,241,256,411
16945063,223,108,171,459
16945388,132,209,256,448
16948153,189,194,219,461
16951047,85,235,160,417
16968916,192,208,407,173
16979571,176,267,96,455
16987292,99,204,272,413
17000179,147,145,312,411
17000374,172,209,256,403
17003917,176,178,168,427
17005564,198,80,411,379
17022332,147,208,224,407
17031534,137,160,272,407
17031729,146,230,256,415
17032105,153,192,256,415
17033623,115,241,208,423
17035453,0,258,278,415
17052103,208,160,256,415
17054141,96,255,64,415
17060902,192,128,411,191
17078253,199,228,256,415
17080135,164,228,192,415
17090919,120,215,256,455
17094125,89,236,200,403
17100107,96,215,78,440
17108192,157,119,96,415
17126530,167,103,280,448
17132070,4,120,420,391
17162944,238,192,271,480
17174636,233,126,240,415
17176077,228,224,264,403
17181856,232,225,32,407
17182310,236,211,181,407
17263848,173,128,427,291
17274579,148,256,415,291
17278123,152,224,417,379
17291710,4,251,192,421
17306737,182,119,224,409
17316587,208,112,415,230
17318209,143,205,226,418
17321881,182,225,296,415
17323582,188,224,356,431
17330472,182,192,415,63
17333679,159,245,256,415
17352924,147,230,136,403
17367861,192,206,208,423
17370340,159,194,234,416
17371261,177,224,422,383
17386172,155,143,200,408
17390728,158,192,442,251
17404869,193,96,407,375
17405094,105,241,12,401
17406769,167,210,256,443
17408468,203,185,256,421
17415411,188,180,279,456
17417189,172,160,439,335
17432880,187,160,431,363
17458536,4,210,288,407
17463532,139,191,250,401
17474135,51,244,256,429
17481025,4,109,224,404
17505436,131,242,224,423
17521333,204,192,288,411
17537230,215,160,411,255
17554919,197,192,363,415
17556619,178,128,423,319
17567326,187,201,288,415
17574373,36,231,160,407
17579732,5,243,288,435
17579875,203,208,403,63
17581757,158,160,427,255
17585330,168,216,428,247
17590300,4,135,146,416
17599396,147,208,288,415
17604679,132,201,224,439
17618616,148,207,203,427
17630801,193,160,423,63
17666164,162,304,403,287
17674613,160,207,434,271
17685891,182,185,275,416
17687928,208,224,192,415
17689628,183,128,413,383
17691717,153,237,0,431
17693366,167,144,256,415
17708069,24,231,144,405
17708134,4,235,128,415
17717101,182,238,224,423
17725134,177,128,411,331
17732259,15,176,256,415
17734748,189,226,231,452
17739977,121,215,105,457
17756060,4,226,208,411
17756463,208,180,63,403
17757903,4,216,224,439
17765184,4,105,224,422
17767221,158,225,256,419
17822518,105,184,217,426
17827358,4,161,160,414
17829266,4,226,252,440
17832887,208,188,256,439
17843696,157,200,224,415
17845578,126,214,260,420
17868380,192,95,96,407
17871975,94,128,160,423
17906429,183,206,0,413
17919394,208,160,419,303
17924624,4,224,136,431
17935408,197,160,411,111
17949489,4,224,256,407
17959416,154,219,203,431
17964049,208,224,431,335
17966766,137,185,183,464
18013705,182,99,224,455
18015547,187,208,409,383
18035130,160,223,127,410
18041890,203,128,407,315
18053402,126,222,288,407
18066055,16,191,160,407
18067885,173,207,144,432
18069792,157,215,128,439
18081408,7,198,216,438
18090764,89,226,256,423
18108297,192,122,104,405
18108491,89,246,32,431
18121404,4,235,288,411
18121442,68,230,224,423
18132201,182,214,128,431
18134170,64,274,128,427
18140672,192,160,415,295
18141047,196,255,0,415
18194112,4,92,160,417
18195760,25,175,209,448
18203486,131,231,352,407
18215360,193,176,415,207
18223055,188,192,435,335
18230362,197,256,423,19
18233749,4,176,256,415
18235787,187,224,415,63
18261910,147,202,107,452
18270540,4,207,176,423
18270683,142,232,320,415
18272772,192,223,272,421
18315091,140,229,128,415
18320737,198,157,224,415
18327160,123,151,192,415
18328471,187,144,411,216
18336011,173,224,401,251
18340384,95,224,272,407
18342006,128,159,299,452
18342072,197,195,256,427
18361966,182,110,256,426
18362173,105,230,0,447
18381941,198,202,224,423
18382006,187,221,0,415
18383783,202,192,415,327
18400434,152,256,401,343
18402316,127,244,336,423
18410038,198,190,388,411
18428634,4,226,192,425
18441910,204,160,421,111
18449554,213,192,431,331
18453123,172,176,208,415
18462609,183,183,144,403
18465347,121,233,208,411
18480284,25,236,160,411
18483827,25,207,192,415
18494673,203,192,413,351
18498009,177,128,411,383
18498203,208,232,96,419
18501746,209,244,288,421
18509130,182,212,96,411
18520771,80,183,405,311
18523617,167,202,211,425
18527627,137,128,423,319
18531222,188,229,256,413
18545250,4,112,272,411
18547235,204,80,415,335
18551115,195,223,128,403
18552816,158,152,57,456
18552958,213,228,176,411
18559798,158,96,409,319
18561887,137,173,132,449
18587492,219,208,415,269
18605440,14,224,208,407
18611760,163,124,0,402
18613407,132,221,416,415
18622453,208,160,411,286
18629733,200,75,288,405
18632108,154,221,32,415
18636104,119,228,203,448
18639569,213,136,256,407
18639764,121,118,100,406
18651331,115,225,64,415
18659052,208,256,409,333
18668462,182,0,415,255
18678856,137,189,203,403
18679959,182,123,224,415
18681997,206,64,415,331
18702695,211,192,415,302
18706420,208,146,264,407
18717126,78,236,208,415
18726743,172,176,401,311
18734516,188,221,256,443
18738370,183,184,288,415
18746231,176,248,16,407
18747931,187,48,288,403
18755705,198,125,256,415
18755900,142,240,96,406
18775378,203,227,96,407
18780038,152,208,236,428
18786072,40,220,275,416
18788447,239,219,272,405
18792435,198,204,256,411
18797925,8,217,129,458
18810188,192,192,415,327
18824373,192,227,437,391
18827837,0,223,160,403
18843604,147,238,0,415
18845304,208,62,271,460
18845343,110,136,288,415
18847278,208,64,463,319
18853363,107,204,160,415
18864121,4,216,144,411
18887753,223,47,404,351
18895994,198,224,415,319
18899719,131,210,256,431
18899913,208,237,256,423
18901937,182,232,192,407
18907504,183,237,256,431
18911228,193,101,256,410
18917315,153,221,0,439
18929942,31,214,214,452
18939277,182,224,405,335
18943001,198,74,278,416
18953656,115,207,256,415
18953850,111,239,160,415
18961572,193,189,196,460
18963610,4,229,128,431
18963648,61,229,296,411
18964284,231,213,224,426
18965517,20,227,233,405
18972148,175,207,256,415
18989448,208,242,256,435
18995077,159,103,272,406
19007054,101,198,128,431
19013998,207,162,256,439
19021797,89,268,256,431
19028428,188,218,128,407
19032543,4,64,232,416
19034528,163,80,256,409
19038927,152,233,16,427
19048439,188,128,415,215
19050845,192,247,80,423
19054517,198,80,405,255
19056944,105,240,64,431
19061862,78,204,128,405
19062446,188,115,256,403
19068740,200,243,96,423
19074073,191,192,415,223
19079979,158,128,415,255
19091256,182,128,443,223
19095136,193,176,407,207
19098679,4,95,200,425
19103234,112,275,209,424
19109684,188,216,128,427
19130966,203,224,447,343
19136481,208,190,216,419
19150873,172,226,288,431
19165317,198,248,352,415
19167094,193,256,423,319
19185977,117,222,224,406
19186041,144,255,160,405
19187408,137,185,126,441
19187941,194,232,144,423
19204045,106,104,347,415
19204240,198,158,256,439
19215154,152,236,280,415
19216932,136,256,407,213
19218969,216,144,423,79
19224147,4,232,256,423
19235373,208,160,427,108
19237160,192,245,179,412
19248334,223,220,231,434
19261039,192,190,37,440
19262895,100,230,32,402
19264542,193,77,256,453
19270006,85,128,256,413
19273834,193,192,328,443
19288927,107,207,269,432
19300879,197,256,407,223
19314908,142,128,415,315
19322318,203,248,256,415
19331912,209,194,288,423
19337246,177,212,276,416
19349224,176,269,64,419
19354350,203,160,419,315
19391867,142,112,264,411
19399823,147,192,64,407
19399888,205,229,264,448
19401666,94,221,0,427
19407077,188,128,423,319
19416460,198,225,352,415
19425687,182,192,64,438
19478504,107,215,224,423
19482644,147,223,128,421
19484603,111,235,256,415
19502811,198,137,256,415
19515749,204,160,415,219
19547531,198,15,229,420
19550113,4,244,256,443
19551761,188,49,224,411
19565789,182,194,208,429
19577149,106,240,128,415
19587933,188,64,423,303
19622751,187,192,423,331
19626476,147,104,256,411
19632380,178,32,427,331
19632575,173,216,64,419
19640167,95,223,0,437
19673038,193,168,352,415
19685649,214,192,423,287
19695240,95,147,256,431
19705271,193,185,288,423
19709333,100,255,64,415
19712720,183,90,208,407
19712863,198,32,415,319
19716977,189,220,157,450
19725477,194,192,415,219
19729202,193,128,455,309
19731083,210,154,264,401
19743554,177,229,256,431
19752885,126,112,0,401
19758898,62,242,160,439
19764776,142,226,160,407
19782958,177,192,411,302
19784216,171,192,407,239
19790744,64,251,406,319
19798907,151,192,411,151
19803566,128,235,412,255
19810119,91,232,192,411
19811378,215,163,336,411
19812208,101,240,192,407
19864883,148,237,224,411
19876057,211,160,435,207
19881858,219,136,407,255
19910836,204,192,411,213
19912354,4,188,196,401
19917765,58,176,255,416
19925409,126,128,369,403
19925604,204,101,256,415
19927278,185,70,424,247
19934376,3,255,229,416
19938313,122,241,0,411
19965448,41,232,172,416
19965487,12,222,272,423
19983486,103,176,303,449
19995699,188,237,128,449
20006379,153,192,415,215
20011151,167,256,128,423
20040830,111,234,96,415
20063943,80,239,0,403
20073896,124,246,256,411
20078089,204,128,415,31
20087134,206,160,415,187
20088081,105,246,128,409
20098631,121,195,192,401
20104718,132,48,374,403
20109870,131,192,415,251
20118760,147,112,16,415
20120408,209,96,407,327
20134565,178,208,0,415
20145246,11,227,224,409
20156134,189,208,407,288
20157812,73,89,232,423
20165014,215,198,210,476
20165053,209,192,415,189
20167583,96,239,160,416
20170321,137,168,256,438
20189931,183,208,336,413
20204620,204,158,264,423
20207566,159,189,304,415
20220686,128,219,231,417
20234429,196,144,407,203
20271065,159,204,264,403
20271234,159,130,272,407
20277891,193,242,192,407
20279851,158,234,192,415
20297902,155,218,192,407
20307362,197,216,423,255
20316667,192,252,39,424
20324700,148,253,192,415
20335147,188,206,256,403
20341285,96,239,20,424
20344670,148,64,407,264
20412839,213,64,407,235
20417913,200,210,199,404
20418057,4,248,128,423
20419896,188,212,152,411
20420090,4,241,160,416
20426307,113,239,64,431
20427799,199,130,256,403
20438402,116,231,64,431
20481889,172,144,415,147
20485613,176,272,415,310
20493049,160,220,64,427
20506221,199,160,407,383
20533616,90,237,256,411
20537185,180,108,279,453
20544932,235,96,427,183
20576092,146,192,256,415
20584046,199,248,64,411
20599891,126,230,288,415
20607094,183,128,407,283
20617260,194,236,96,407
20624280,208,221,256,447
20635662,184,256,411,271
20660799,221,217,256,431
20662681,219,154,272,407
20673556,62,216,128,411
20674348,196,160,443,357
20679941,204,64,429,287
20684496,193,232,237,448
20688662,119,227,160,431
20703054,144,239,144,407
20737743,116,195,0,411
20739962,115,254,256,415
20753031,183,96,403,255
20768668,211,177,160,427
20768785,112,238,128,411
20783541,85,238,240,415
20791860,105,104,288,427
20799269,31,238,227,448
20840135,176,64,407,279
20844617,183,77,236,457
20845149,79,240,128,423
20871636,57,213,216,402
20879809,193,144,411,363
20895342,193,240,421,335
20897224,198,215,268,424
20912447,126,216,0,419
20923310,180,183,162,416
20933445,194,152,256,415
20935326,194,73,224,415
20935521,198,232,0,415
20943554,184,226,80,423
20947461,167,219,0,423
20959335,121,248,16,440
20971339,198,136,407,96
20972831,78,172,272,440
20982111,188,179,158,402
20986510,168,224,415,301
20988365,255,87,280,416
20996191,199,96,439,303
20997610,32,271,219,420
21005617,204,192,439,319
21021424,207,233,224,425
21061304,153,232,0,415
21063912,191,191,242,404
21077603,36,162,320,407
21081795,184,64,403,399
21081990,199,212,144,427
21082184,188,238,96,423
21094344,181,242,176,407
21117873,209,160,415,319
21127462,188,110,272,415
21194595,68,232,64,415
21214308,173,192,431,311
21216190,168,127,288,415
21218461,137,236,176,460
21234721,200,0,415,269
21244209,143,199,0,415
21273369,167,222,160,419
21282025,194,176,415,251
21297122,148,224,415,315
21302673,155,187,256,406
21305852,153,144,421,269
21325305,164,160,407,251
21342708,126,204,141,440
21353857,97,232,256,407
21360047,198,160,415,127
21375736,164,120,249,442
21377955,132,247,96,415
21386638,192,128,407,295
21389870,198,196,160,407
21390064,4,247,320,411
21420262,106,208,212,403
21422663,193,192,407,200
21424545,68,221,256,415
21428400,158,241,256,431
21432306,188,192,415,317
21447062,194,236,133,428
21451228,189,229,280,474
21467125,171,213,128,407
21493447,127,234,256,415
21497146,164,64,367,445
21525112,204,128,368,407
21532756,209,128,415,267
21532795,147,236,217,436
21559257,153,227,96,415
21577982,188,167,240,407
21578437,102,247,160,429
21581642,207,224,431,229
21583913,112,223,112,407
21589897,147,126,0,407
21597125,159,247,168,428
21618733,100,236,160,411
21618876,160,197,430,83
21626156,95,200,544,293
21629387,51,137,247,468
21633969,64,431,279,272
21638757,159,128,411,331
21640587,192,415,255,250
21649295,204,0,415,255
21659678,64,407,195,238
21664103,158,128,427,254
21669048,151,217,153,410
21672824,137,96,272,407
21673019,209,6,224,409
21673810,120,279,195,416
21679430,202,239,256,407
21691876,96,173,96,403
21694821,4,236,224,453
21704982,106,217,96,405
21705048,95,211,64,423
21708694,115,192,119,452
21710187,90,169,256,423
21710382,168,236,208,431
21721762,183,232,256,404
21743682,189,128,407,271
21745226,25,211,192,415
21766081,4,152,256,431
21775476,32,207,272,404
21781199,199,128,407,291
21783081,207,160,415,307
21801675,5,144,192,415
21825463,194,236,256,415
21829940,79,234,128,431
21835144,148,204,72,408
21852262,183,212,160,415
21863565,189,160,423,317
21874894,199,81,308,407
21878282,153,79,204,458
21887093,96,207,80,407
21888586,84,192,256,419
21911517,89,190,128,431
21911712,84,233,160,439
21915073,145,196,405,200
21922873,160,247,192,407
21931762,94,233,192,413
21938446,188,211,152,401
21945181,116,256,88,462
21949659,186,245,128,405
21978491,7,130,236,419
21980450,16,216,208,430
21983400,95,189,410,255
21983699,97,232,186,434
21983764,72,237,223,432
21984530,178,160,415,243
21997443,126,233,191,436
21999714,154,254,272,428
22000869,90,189,188,433
22006254,144,133,128,407
22062693,139,119,256,407
22065743,208,251,0,407
22085066,143,181,272,423
22086793,6,184,406,265
22101003,199,128,403,343
22103455,120,223,128,423
22111099,199,128,415,231
22121819,132,174,176,452
22121884,154,215,72,403
22124051,111,237,185,406
22125751,205,136,256,407
22131578,84,157,224,421
22141874,204,64,411,247
22171812,215,205,96,415
22172007,145,239,144,443
22174200,117,242,128,431
22175225,197,143,240,417
22176380,189,220,136,409
22196068,158,191,0,423
22202752,116,236,48,431
22246758,101,191,0,411
22299588,79,201,224,411
22301548,179,149,408,245
22304183,5,245,96,445
22307362,191,184,194,416
22328528,160,207,224,415
22329424,127,258,256,403
22341974,111,158,256,407
22360856,95,232,0,415
22379462,69,192,531,272
22382926,208,127,211,420
22392647,198,194,224,413
22403365,154,179,144,423
22409377,149,195,288,411
22415649,133,253,224,431
22433555,112,203,156,452
22435879,15,88,160,406
22440852,116,225,128,431
22445877,208,228,415,23
22449811,128,207,64,415
22456836,4,248,208,411
22464405,15,219,212,412
22474806,206,211,160,405
22481753,179,216,160,407
22548634,204,80,407,255
22569422,64,230,224,407
22592133,170,128,407,309
22594197,192,136,403,183
22611246,89,108,192,411
22615932,219,160,407,223
22641291,195,211,207,448
22642239,78,222,160,403
22651552,95,191,192,407
22658343,177,231,160,415
22665732,100,208,48,405
22665927,111,240,264,411
22675392,0,117,415,313
22679898,199,118,288,407
22701569,137,89,288,410
22704126,100,141,198,440
22730394,184,242,224,415
22734536,142,173,261,404
22736861,187,83,233,459
22738250,5,64,243,416
22738782,178,226,168,407
22754464,127,147,208,412
22754659,176,175,272,407
22755710,110,221,160,403
22757022,142,185,211,428
22767007,171,209,224,443
22771954,204,47,275,456
22775421,121,252,128,431
22789498,204,128,247,432
22804963,204,192,427,335
22805832,96,223,242,513
22809195,191,207,621,291
22822816,178,146,408,357
22860924,204,180,288,415
22864781,193,206,32,423
22898865,136,268,128,407
22903345,131,186,412,231
22911019,4,163,160,411
22913421,164,108,160,407
22920965,148,70,278,405
22922951,160,239,256,415
22926210,84,174,169,468
22928612,188,128,403,311
22949297,194,255,176,407
22957437,182,259,224,401
22964280,138,162,304,503
22973954,158,94,272,419
22985601,183,161,256,403
22989253,193,180,272,445
22996330,4,225,96,423
22996368,4,224,256,415
23010015,219,176,423,271
23039840,123,211,140,444
23048241,204,167,6,436
23054148,188,262,0,411
23062523,173,241,160,448
23065315,137,136,260,432
23083038,168,255,260,416
23083077,158,210,212,468
23094179,100,88,267,432
23150111,137,216,296,407
23163680,132,227,160,431
23165900,137,178,264,411
23186117,204,147,256,415
23199920,204,210,256,423
23201698,198,96,413,319
23215174,209,106,264,415
23217342,207,235,160,423
23241692,204,222,280,435
23244873,83,150,256,411
23247431,165,191,192,407
23259078,164,184,0,411
23264986,132,165,238,420
23266193,174,180,271,406
23276749,111,233,240,411
23298187,164,236,128,415
23304354,67,231,256,407
23306314,110,253,272,402
23319390,45,237,128,415
23324882,183,128,411,291
23325701,175,238,192,423
23333738,194,160,423,399
23349955,133,232,96,407
23351864,39,127,160,423
23355694,139,111,264,427
23359291,194,140,272,403
23369976,193,142,0,403
23384039,110,128,31,432
23399815,116,226,291,416
23422937,205,208,288,423
23438245,165,226,130,412
23438284,155,193,189,404
23438323,159,192,274,421
23438362,78,192,128,497
23438401,88,275,191,439
23438440,88,239,183,440
23438479,119,200,184,432
23438518,0,295,255,439
23438557,116,204,250,438
23483403,99,204,64,415
23496269,223,160,415,285
23518408,205,108,288,403
23533950,4,104,168,410
23545052,188,253,272,420
23578356,92,161,0,435
23580872,199,233,192,427
23598569,67,243,160,427
23613670,132,72,256,430
23624538,188,148,7,458
23624736,199,242,116,417
23631215,194,195,280,401
23636370,148,144,407,303
23654042,189,144,288,416
23677375,203,192,415,227
23677596,171,231,208,415
23692697,199,208,443,335
23703902,189,144,423,292
23711628,171,154,19,432
23718678,194,200,419,343
23720509,204,73,256,435
23735948,189,160,411,55
23751749,12,231,224,416
23759007,183,210,208,427
23763019,89,237,192,423
23779990,199,199,272,452
23809918,204,236,256,439
23834966,176,199,2,403
23836692,168,271,144,407
23845249,144,215,192,423
23850823,64,239,128,431
23851771,191,200,207,451
23855394,89,246,208,403
23859588,137,220,128,421
23885543,88,128,287,472
23936246,188,104,32,406
23936701,110,246,64,415
23941207,4,225,224,408
23964393,212,223,207,421
23970405,194,204,256,431
23980987,163,228,136,415
23991829,223,154,277,408
23997244,153,130,272,405
24000840,180,256,407,175
24013266,223,160,407,307
24027261,184,63,256,415
24036129,31,202,220,410
24047828,151,195,220,440
24051296,159,229,231,402
24055983,4,227,192,415
24062673,221,231,256,407
24064816,4,231,128,423
24064959,143,208,415,287
24091667,209,216,224,421
24093939,116,224,112,407
24103146,75,223,180,404
24113079,46,216,409,319
24114623,159,208,179,444
24139462,215,208,226,424
24152460,159,75,252,408
24160237,132,183,256,431
24164327,127,233,128,427
24177947,4,227,176,407
24178091,4,208,196,415
24195060,199,128,415,62
24198658,183,100,307,402
24207707,178,124,256,435
24216705,184,151,85,404
24251827,36,151,136,403
24261864,105,240,288,415
24266712,4,239,144,407
24277630,168,199,360,414
24291563,175,207,211,421
24295289,4,192,128,415
24304962,174,63,241,420
24307884,173,62,288,409
24314362,111,245,224,421
24319646,151,226,208,402
24321918,5,205,224,403
24323748,77,180,214,416
24336824,183,216,256,435
24346341,89,241,208,407
24349470,195,217,208,411
24372424,72,157,104,411
24372619,35,229,160,421
24406287,198,256,403,55
24408299,199,0,407,311
24411714,40,179,200,412
24420323,184,218,128,415
24422724,194,96,415,381
24425364,184,211,192,415
24430468,116,232,80,403
24443126,168,255,192,445
24474665,143,227,256,413
24483768,46,221,194,420
24493363,185,213,598,263
24500881,194,160,407,86
24520448,194,118,128,407
24527653,61,205,192,411
24539560,196,255,260,402
24541573,100,208,0,403
24575111,143,199,256,407
24635682,127,36,196,415
24650782,194,40,192,407
24656327,194,64,64,413
24667454,137,48,143,424
24671856,191,48,258,412
24696876,168,99,0,419
24709302,168,9,252,420
24723649,19,93,260,408
24725558,178,0,415,303
24756943,99,74,235,410
24780873,204,20,264,401
24784210,105,104,228,408
24801986,199,32,422,342
24817823,209,0,407,239
24835650,4,88,272,412
24841221,204,64,411,335
24845726,191,7,408,191
24874512,84,87,320,407
24956118,48,72,266,415
24956806,191,47,193,456
24997963,160,64,407,311
25017349,168,96,256,407
25046342,154,32,259,406
25051575,204,64,347,415
25060573,194,98,344,407
25069389,143,32,403,319
25079970,173,0,407,347
25090735,148,32,297,421
25095707,5,114,218,453
25121169,199,105,256,429
25128458,199,96,404,327
25145090,194,16,247,405
25199636,199,40,288,415
25218606,9,57,256,412
25236537,205,0,404,279
25244262,207,31,409,255
25260064,207,0,295,404
25270905,194,0,405,235
25307534,183,79,225,472
25310170,189,60,320,435
25320076,191,39,404,255
25338604,194,67,228,415
25380945,116,109,208,415
25407109,170,99,238,411
25432259,116,115,256,401
25444815,205,64,375,411
25547507,211,121,256,407
25566502,143,81,288,413
25577007,176,128,411,319
25583512,210,32,407,227
25685871,165,77,264,431
25705491,192,96,411,307
25720055,205,64,415,287
25730534,127,96,401,367
25760177,192,68,420,287
25780315,205,64,415,375
25781730,96,0,271,402
25785897,23,109,238,408
25801789,201,6,189,420
25811436,200,80,415,231
25813423,199,16,411,379
25829457,190,64,415,351
25845857,169,4,64,403
25877422,184,5,18,452
25915063,108,7,256,403
25917413,160,15,256,409
25941551,164,5,256,415
25957404,215,5,256,413
25961182,164,7,408,288
25998797,64,7,208,415
26048280,191,13,215,404
26069176,200,6,192,415
26082199,5,5,254,424
26082679,213,0,407,203
26107388,4,128,263,430
26154533,184,58,192,415
26184930,179,20,320,407
26238957,189,5,238,406
26248838,111,6,259,454
26264510,179,0,371,419
26271275,179,7,256,403
26284115,179,0,407,199
26355464,176,450,223,176
26370357,200,4,224,411
26374291,205,4,208,427
26404894,205,0,403,287
26456922,162,19,253,404
26467867,168,5,499,213
26478813,210,0,413,335
26480617,154,6,256,406
26487538,174,6,288,409
26520098,4,5,220,456
26550213,168,46,256,407
26591126,205,0,407,191
26621340,201,61,264,415
26624365,186,90,420,207
26637856,143,85,256,406
26639230,190,79,408,399
26658641,169,10,402,223
26675742,195,64,405,319
26675780,255,143,287,526
26678702,191,68,414,176
26694296,180,159,403,319
26697970,4,39,256,408
26719719,7,35,244,450
26733468,193,63,240,422
26738052,191,78,189,451
26750296,4,125,228,421
26807621,190,112,231,450
26827890,179,95,277,417
26830240,190,5,6,467
26847340,184,32,343,411
26887292,174,51,208,407
26894658,159,48,319,435
26960059,184,10,160,407
26967915,206,110,256,411
27000363,206,0,421,319
27051636,193,0,407,267
27058116,179,59,48,440
27094874,223,23,424,299
27159990,139,96,261,416
27217548,211,0,411,211
27249683,4,110,241,461
27253566,182,6,252,429
27258539,179,109,288,407
27278884,195,0,403,255
27307099,195,12,1,469
27317031,223,119,259,450
27336702,174,5,264,407
27342854,185,22,416,247
27366628,46,93,192,407
27369419,185,40,115,404
27372886,90,98,231,466
27382871,143,32,256,415
27402078,207,69,208,502
27428252,175,38,165,450
27431979,184,70,288,409
27470268,179,32,64,411
27480279,200,20,410,327
27570922,5,88,232,406
27571194,179,93,272,431
27594994,190,0,405,287
27722252,206,13,408,255
27731873,4,120,232,436
27736404,195,64,403,287
27740599,174,94,256,423
27740741,206,128,413,283
27746961,195,122,416,383
27800987,56,106,229,440
27820866,206,0,403,247
27827605,196,83,224,408
27904692,195,70,409,299
27906288,166,143,426,255
27906457,186,0,403,247
27908574,206,320,413,279
27908642,200,417,319,136
27908759,216,431,31,325
27920510,24,112,260,405
27930417,195,116,0,450
27940531,175,128,224,427
27941505,196,56,204,425
27941648,80,0,304,403
27967343,201,79,288,411
27989403,174,0,296,423
28018422,169,0,235,402
28022979,206,0,410,351
28027225,206,412,253,236
28035963,189,6,6,438
28047801,184,6,232,419
28048775,228,506,281,279
28048814,255,404,264,164
28048852,192,455,300,199
28048891,191,472,256,247
28048930,216,454,255,138
28051863,168,45,248,465
28051906,170,36,253,475
28051945,192,31,224,479
28051984,138,0,292,538
28052022,255,13,221,417
28052061,20,16,259,451
28087313,169,5,271,457
28123941,231,10,208,455
28145273,223,10,214,416
28159933,196,4,256,415
28218607,184,0,114,403
28227216,195,5,256,415
28264415,206,428,367,235
28264480,211,413,260,277
28266311,208,477,319,267
28266739,176,405,310,216
28267480,165,196,299,440
28268349,189,403,6,271
28268596,176,407,268,265
28270167,164,412,267,208
28270205,184,451,144,303
28270349,180,422,253,192
28270392,201,484,272,241
28341506,215,407,228,218
28352945,179,0,257,407
28357709,4,5,214,416
28373122,185,5,272,407
28384975,56,4,224,404
28385092,27,6,288,407
28385130,15,0,279,419
28430846,187,0,199,433
28432158,106,5,277,448
28433973,204,24,410,331
28455046,165,7,241,422
28477755,4,0,288,415
28477794,4,5,240,420
28479312,24,0,255,420
28498360,117,5,200,405
28548179,174,5,150,408
28554954,271,27,288,444
28593712,199,412,285,243
28620835,168,0,267,405
28621965,4,5,224,412
28658493,223,549,6,184
28658532,191,559,33,232
28658571,160,640,247,215
28658662,192,415,128,319
28667011,149,0,287,408
28680163,190,5,272,403
28687239,0,512,319,253
28687278,0,530,295,311
28687342,0,483,295,270
28687485,231,431,261,174
28687602,220,431,242,171
28705455,4,5,208,401
28716192,201,5,336,407
28786111,206,5,224,415
28819155,222,411,255,170
28820648,4,5,224,402
28837541,201,415,103,219
28837606,192,471,222,229
28884049,174,432,309,255
28901072,185,5,211,432
28923366,4,5,230,402
28927278,206,0,272,415
28954168,174,5,0,428
28964255,9,6,214,434
28998728,211,8,486,207
29097498,195,5,219,406
29117740,175,5,256,427
29142474,199,452,7,282
29142600,208,416,275,222
29142639,168,420,256,255
29155585,190,4,256,411
29191329,206,0,324,415
29219492,192,3,491,255
29219530,223,12,498,223
29219581,201,5,460,256
29219620,208,14,526,181
29219659,184,0,576,281
29219698,201,0,577,307
29219736,251,39,520,210
29219775,191,5,569,256
29219814,175,47,519,231
29219853,211,8,457,240
29219921,176,0,463,287
29221752,185,5,414,273
29221791,180,0,441,208
29221830,196,5,420,160
29221869,172,6,480,219
29221908,192,15,521,275
29221947,190,0,570,230
29221986,160,23,512,274
29222025,201,0,433,158
29227076,217,0,392,431
29228258,185,5,245,448
29294437,195,0,411,351
29315198,223,11,401,251
29324171,211,0,288,407
29340621,95,2,216,409
29346814,206,5,256,411
29376562,0,15,247,422
29377821,175,5,224,428
29383340,174,464,259,292
29383378,193,555,233,219
29383417,128,498,255,219
29392108,197,5,429,262
29407598,169,613,211,200
29408001,169,5,216,438
29412204,185,5,256,403
29421618,168,14,304,415
29425552,185,425,0,247
29425591,204,449,247,276
29427058,119,10,404,347
29432862,184,9,256,415
29455271,29,5,336,401
29473696,7,15,211,478
29491056,184,0,415,181
29491224,256,63,475,276
29491264,206,6,605,197
29491302,160,38,605,243
29491342,213,0,496,208
29491381,203,20,438,208
29491420,180,0,465,272
29491459,179,7,468,256
29491497,160,15,495,255
29513427,203,5,552,283
29513470,207,0,520,239
29514652,222,0,313,403
29518976,180,489,6,296
29525584,0,7,447,343
29525623,15,0,404,383
29525740,128,7,435,405
29536218,223,31,265,418
29545138,175,5,249,448
29556759,212,5,256,403
29560667,175,6,244,423
29599243,191,5,202,419
29612733,196,5,152,444
29617888,212,0,403,287
29619459,4,0,276,407
29629053,191,0,32,415
29636338,212,31,232,407
29650841,117,416,285,303
29666020,201,5,6,448
29687690,175,599,224,248
29687729,37,552,252,315
29725707,196,0,403,307
29738536,180,5,232,403
29763479,154,43,256,503
29796030,195,23,296,407
29840605,4,0,283,405
29868325,180,0,346,406
29972743,212,5,256,403
30018200,196,62,256,450
30031483,160,5,288,407
30075460,201,2,304,411
30079472,208,144,427,294
30085328,207,5,248,454
30131799,4,175,210,416
30138122,176,175,226,472
30139589,45,27,242,410
30165466,144,110,320,415
30171633,185,60,260,409
30218856,219,57,404,335
30237982,167,143,216,445
30246227,207,188,240,409
30248967,161,100,225,409
30253031,201,169,256,407
30255177,207,128,407,287
30264280,196,88,275,406
30294753,192,144,419,255
30303647,207,64,403,367
30318877,207,38,428,255
30320890,197,79,271,468
30329577,196,64,403,271
30338289,6,73,275,420
30377306,96,64,296,419
30393757,73,122,272,426
30409481,231,147,424,295
30411442,4,60,411,288
30431865,196,61,256,407
30458573,207,77,223,533
30472843,203,121,195,416
30476985,212,0,405,283
30483126,207,0,415,375
30497422,144,122,271,403
30510792,19,107,232,405
30596163,196,0,403,215
30602591,4,105,220,434
30603101,196,64,430,347
30618603,207,32,192,411
30636430,271,21,416,223
30646701,196,44,426,255
30650946,223,13,424,267
30654647,201,127,256,407
30658010,205,73,229,430
30676019,191,101,269,443
30731527,25,35,267,412
30737980,144,56,256,408
30762715,192,48,256,407
30808743,176,175,287,404
30827090,202,64,80,419
30829233,170,65,95,452
30834595,202,90,296,437
30848163,187,46,271,453
30868977,207,105,200,416
30882026,191,51,436,332
30883883,212,78,320,423
30896387,122,16,276,415
30917671,4,78,256,409
30955624,175,86,272,430
30961402,207,97,256,411
30963259,202,72,352,439
30980307,187,22,262,460
30989877,207,0,407,238
30995784,128,40,0,407
30997588,202,80,403,343
31005418,186,100,96,412
31024778,156,39,256,402
31072494,186,0,407,319
31085595,197,62,228,441
31138531,207,47,260,422
31160825,186,64,415,335
31170939,188,57,16,403
31198904,4,96,228,407
31215199,202,32,224,415
31235260,176,103,324,415
31241037,117,47,256,405
31243076,202,111,324,412
31272030,191,64,407,367
31275968,207,12,256,407
31298573,161,78,227,416
31313362,202,91,224,439
31324022,187,68,224,415
31335747,74,113,230,416
31347264,207,111,265,410
31355171,203,135,234,408
31359910,155,63,236,443
31381218,171,64,288,427
31385697,187,36,16,421
31402382,192,91,288,415
31410419,160,109,262,442
31420119,183,70,256,445
31436206,175,64,288,407
31444502,175,62,235,452
31466095,202,84,228,420
31483299,197,64,407,319
31487285,187,106,272,401
31489376,202,102,356,407
31499205,134,64,407,351
31501299,200,128,407,319
31504689,191,95,245,424
31511479,169,48,32,407
31534785,186,63,267,401
31539343,168,63,263,401
31553665,207,64,415,223
31555572,128,107,408,303
31557455,4,84,272,407
31558948,205,31,233,401
31591889,144,0,407,319
31606548,208,32,304,415
31642865,180,64,401,311
31663886,4,100,320,415
31671543,180,71,228,404
31726766,187,95,7,408
31737945,192,0,411,286
31742346,191,0,431,287
31742397,176,0,411,243
31759965,214,125,264,450
31856423,202,64,403,351
31858514,181,32,403,383
31861024,186,97,0,422
31884980,144,112,23,440
31902963,209,96,415,302
31943954,150,111,45,404
31964638,186,52,404,383
31968935,208,32,288,405
31970974,207,13,256,415
32010043,208,27,236,416
32025923,96,64,340,421
32046710,149,127,411,333
32071393,74,68,304,407
32078287,197,17,320,415
32087130,202,61,256,428
32115656,213,16,403,335
32140105,186,117,288,407
32153518,212,88,272,406
32165035,208,49,448,311
32168657,197,73,404,255
32197573,4,117,192,416
32224411,202,64,407,215
32246705,192,9,404,252
32297152,4,23,259,406
32306669,181,32,16,414
32308759,192,0,407,311
32322197,171,113,272,403
32329482,186,56,272,403
32334117,102,129,256,405
32334858,191,48,303,472
32355956,208,0,410,287
32412450,160,92,256,419
32437299,4,104,256,403
32455567,210,120,309,410
32525955,207,127,404,327
32541575,207,0,407,271
32550299,122,104,432,207
32651822,207,64,403,167
32667156,192,38,224,406
32680751,191,0,299,402
32720702,197,33,408,255
32722637,12,96,256,403
32734128,208,60,256,446
32760165,176,92,9,456
32818710,231,13,412,231
32829916,160,82,264,420
32849587,208,44,256,411
32852482,188,63,228,420
32853793,213,54,288,407
32866323,4,64,403,319
32893394,208,68,280,440
32895484,208,72,320,407
32897575,215,32,411,291
32899692,187,0,407,359
32910377,181,96,403,351
32937943,160,45,256,407
32948213,208,64,264,442
33000111,195,7,247,433
33072653,202,48,64,423
33083546,208,0,407,255
33101192,145,64,407,351
33116500,176,0,403,359
33136846,207,72,288,403
33181109,181,47,384,407
33264095,197,46,128,410
33326742,192,91,423,287
33345348,181,51,296,413
33349517,203,58,288,435
33352489,207,27,254,489
33382444,171,108,246,457
33396298,197,0,407,303
33433896,208,5,421,221
33456684,139,40,375,405
33495674,182,102,277,448
33531588,207,41,229,454
33538534,112,79,288,433
33595444,202,65,268,417
33601351,181,6,426,303
33602065,187,0,407,239
33627319,161,64,255,506
33673816,93,9,416,255
33681437,180,79,149,413
33743046,7,118,272,404
33767677,203,91,272,415
33793684,194,31,280,413
33828940,4,64,272,403
33834250,215,25,413,219
33870410,204,71,319,408
33887797,47,142,258,453
33890692,208,0,415,215
33917036,166,86,60,432
33917231,176,81,166,408
33935630,186,32,403,349
33940161,197,0,413,271
33942251,80,32,401,333
33955378,202,64,320,415
33972712,134,88,288,415
34028011,4,0,299,421
34123145,4,83,226,448
34125547,175,16,280,405
34134623,213,112,401,335
34180729,207,31,274,407
34218188,4,16,254,428
34233807,203,78,224,437
34244389,160,81,403,301
34267202,188,103,9,404
34267583,171,8,255,408
34299069,176,28,416,271
34312975,171,95,227,402
34332163,197,64,407,351
34332591,192,103,176,419
34349561,140,0,406,239
34371113,239,63,401,271
34373932,151,63,256,423
34380463,51,32,403,351
34396861,147,96,258,424
34403314,199,79,247,430
34465261,181,32,324,407
34507369,176,0,401,283
34511121,73,56,256,408
34531700,155,0,401,279
34540542,4,64,292,409
34554942,124,96,287,416
34554981,140,0,403,335
34579871,0,31,253,413
34584922,171,63,89,408
34603320,203,65,272,403
34615827,14,91,227,416
34628850,129,52,320,415
34636575,142,70,202,406
34674477,187,62,272,407
34710793,202,0,407,287
34739033,216,70,416,363
34780542,134,48,160,407
34822105,203,71,225,404
34824662,107,73,272,403
34827375,153,83,448,280
34831128,204,0,423,303
34835399,203,39,208,407
34839490,203,33,208,413
34843580,176,106,288,412
34845359,5,8,246,408
34847163,136,29,247,416
34863561,3,47,243,440
34870092,140,75,256,413
34908408,6,47,256,414
34970017,139,100,258,455
35017526,140,32,415,351
35019344,56,44,340,407
35034990,182,71,227,408
35058439,4,101,242,432
35063775,151,57,271,432
35111543,91,5,277,416
35119346,45,53,271,466
35146262,192,75,225,402
35157104,161,73,0,428
35233618,198,56,424,399
35290528,113,73,247,404
35314068,140,28,193,434
35326520,5,47,229,430
35326792,140,27,272,401
35354876,183,10,216,412
35372366,118,64,407,303
35374742,208,0,407,267
35376599,45,51,256,415
35415330,150,45,401,260
35441623,192,80,368,403
35458489,171,10,436,313
35467724,203,29,190,419
35504794,14,84,304,448
35512597,175,77,412,279
35513337,204,40,272,415
35520959,73,40,272,429
35548575,171,64,256,405
35558379,168,95,273,411
35567610,223,15,241,430
35570402,192,69,256,403
35586852,156,6,284,411
35609795,192,32,407,235
35634738,140,93,402,247
35634906,176,76,320,415
35695892,4,23,265,416
35749919,101,9,208,419
35767772,208,80,407,355
35780249,4,471,248,336
35817292,4,96,288,409
35885576,136,65,48,443
35919020,192,64,407,383
35932443,168,77,278,434
35939862,208,64,403,367
36019571,204,85,287,408
36044773,200,0,407,279
36099502,192,107,221,448
36103228,203,67,272,420
36132066,203,32,409,319
36141505,189,8,277,406
36187144,4,114,288,421
36217436,192,85,48,450
36227472,198,22,272,409
36231328,67,93,284,472
36278447,8,31,264,424
36298014,128,47,265,406
36346795,134,21,264,409
36354936,182,32,0,407
36371179,23,67,221,411
36391603,193,64,288,411
36415480,204,63,320,417
36442007,167,73,200,464
36443033,159,43,414,301
36461950,4,84,272,413
36471134,128,96,48,413
36493427,162,99,176,405
36521097,129,22,256,419
36531964,207,95,256,415
36560906,189,36,157,436
36572864,7,64,272,415
36610245,112,127,80,403
36613244,3,127,246,410
36621073,203,88,256,407
36621267,95,118,208,415
36628111,161,66,384,427
36660219,211,111,128,406
36663090,155,64,419,359
36672373,171,90,272,413
36683240,4,47,160,401
36685210,5,68,190,457
36685858,192,80,430,274
36687456,171,27,0,414
36710113,201,45,160,415
36731549,36,82,256,404
36733120,0,111,200,403
36746433,31,8,432,291
36764728,63,86,212,421
36778841,148,87,64,441
36825544,128,76,256,407
36850720,213,64,411,315
36871066,211,42,265,410
36876065,51,74,212,407
36899319,203,16,308,431
36900475,207,29,233,416
36901319,202,50,224,403
36907149,182,32,392,415
36920872,67,63,272,406
36928390,475,62,229,215
36934868,213,16,407,255
36946568,128,5,352,408
36961174,155,97,258,411
36991960,198,10,416,255
37041052,192,78,252,428
37050180,198,80,272,419
37068474,192,60,256,401
37093104,160,32,40,407
37103223,182,0,407,319
37112117,187,34,268,420
37118259,208,95,60,440
37123595,176,43,256,461
37123634,191,32,300,453
37140318,40,5,249,409
37200811,193,42,83,452
37207185,208,24,64,407
37208990,198,107,224,404
37221390,176,64,429,335
37225558,203,0,405,283
37240735,73,7,442,207
37271516,11,21,179,438
37285552,198,77,272,402
37319505,129,34,256,403
37331905,519,81,203,248
37343863,150,64,352,411
37357353,139,127,198,409
37374558,128,86,0,415
37395059,209,64,409,347
37410886,156,22,255,452
37413708,182,73,296,431
37416863,73,122,176,411
37424173,173,23,581,279
37434521,104,95,0,405
37438143,185,6,302,434
37449115,193,29,268,410
37457152,187,109,224,418
37525227,203,85,128,403
37528771,192,64,394,415
37536237,203,32,427,343
37549312,209,73,264,435
37558569,131,127,328,415
37562140,4,44,226,425
37573267,9,14,258,421
37596054,0,417,205,297
37596222,0,459,257,319
37596261,0,461,315,291
37601052,151,56,264,440
37612049,151,0,407,335
37612192,156,0,415,379
37621995,156,0,404,283
37623959,214,68,395,415
37627738,128,80,288,403
37638553,156,62,256,416
37641500,214,97,290,402
37645487,199,101,285,411
37674090,156,64,368,431
37678648,198,73,250,427
37685698,171,72,288,431
37697262,192,32,415,351
37710857,203,18,432,356
